名称	版本	许可证
adler2	2.0.1	0BSD OR MIT OR Apache-2.0
aho-corasick	1.1.5	Unlicense OR MIT
anstream	1.0.0	MIT OR Apache-2.0
anstyle	1.0.14	MIT OR Apache-2.0
anstyle-parse	1.0.0	MIT OR Apache-2.0
anstyle-query	1.1.5	MIT OR Apache-2.0
anstyle-wincon	3.0.11	MIT OR Apache-2.0
anyhow	1.0.104	MIT OR Apache-2.0
arbitrary	1.5.0	MIT OR Apache-2.0
async-broadcast	0.7.2	MIT OR Apache-2.0
async-channel	2.5.0	Apache-2.0 OR MIT
async-executor	1.14.0	Apache-2.0 OR MIT
async-io	2.6.0	Apache-2.0 OR MIT
async-lock	3.4.2	Apache-2.0 OR MIT
async-process	2.5.0	Apache-2.0 OR MIT
async-recursion	1.2.0	MIT OR Apache-2.0
async-signal	0.2.14	Apache-2.0 OR MIT
async-task	4.7.1	Apache-2.0 OR MIT
async-trait	0.1.92	MIT OR Apache-2.0
atomic-waker	1.1.2	Apache-2.0 OR MIT
autocfg	1.5.1	Apache-2.0 OR MIT
aws-lc-rs	1.18.1	ISC AND (Apache-2.0 OR ISC)
aws-lc-sys	0.45.0	ISC AND (Apache-2.0 OR ISC) AND Apache-2.0 AND MIT AND BSD-3-Clause AND (Apache-2.0 OR ISC OR MIT) AND (Apache-2.0 OR ISC OR MIT-0)
base64	0.23.1	MIT OR Apache-2.0
bitflags	2.13.2	MIT OR Apache-2.0
block-buffer	0.10.4	MIT OR Apache-2.0
block2	0.6.2	MIT
blocking	1.7.0	Apache-2.0 OR MIT
bumpalo	3.20.3	MIT OR Apache-2.0
bytes	1.12.1	MIT
cc	1.6.0	MIT OR Apache-2.0
cfg-if	1.0.5	MIT OR Apache-2.0
cfg_aliases	0.2.2	MIT
chacha20	0.10.2	MIT OR Apache-2.0
clap	4.6.7	MIT OR Apache-2.0
clap_builder	4.6.7	MIT OR Apache-2.0
clap_derive	4.6.7	MIT OR Apache-2.0
clap_lex	1.1.1	MIT OR Apache-2.0
cmake	0.1.58	MIT OR Apache-2.0
colorchoice	1.0.5	MIT OR Apache-2.0
combine	4.6.8	MIT
concurrent-queue	2.5.0	Apache-2.0 OR MIT
core-foundation	0.10.1	MIT OR Apache-2.0
core-foundation-sys	0.8.7	MIT OR Apache-2.0
cpufeatures	0.2.17	MIT OR Apache-2.0
cpufeatures	0.3.1	MIT OR Apache-2.0
crc32fast	1.5.2	MIT OR Apache-2.0
crossbeam-utils	0.8.23	MIT OR Apache-2.0
crypto-common	0.1.7	MIT OR Apache-2.0
ctrlc	3.5.2	MIT/Apache-2.0
derive_arbitrary	1.5.0	MIT OR Apache-2.0
digest	0.10.7	MIT OR Apache-2.0
dispatch2	0.3.1	Zlib OR Apache-2.0 OR MIT
displaydoc	0.2.7	MIT OR Apache-2.0
dunce	1.0.5	CC0-1.0 OR MIT-0 OR Apache-2.0
endi	1.1.1	MIT
enumflags2	0.7.12	MIT OR Apache-2.0
enumflags2_derive	0.7.12	MIT OR Apache-2.0
equivalent	1.0.2	Apache-2.0 OR MIT
errno	0.3.14	MIT OR Apache-2.0
event-listener	5.4.2	Apache-2.0 OR MIT
event-listener-strategy	0.5.4	Apache-2.0 OR MIT
fastrand	2.5.0	Apache-2.0 OR MIT
filetime	0.2.29	MIT/Apache-2.0
find-msvc-tools	0.1.14	MIT OR Apache-2.0
flate2	1.1.10	MIT OR Apache-2.0
form_urlencoded	1.2.2	MIT OR Apache-2.0
fs_extra	1.3.0	MIT
futures-channel	0.3.34	MIT OR Apache-2.0
futures-core	0.3.34	MIT OR Apache-2.0
futures-io	0.3.34	MIT OR Apache-2.0
futures-lite	2.6.1	Apache-2.0 OR MIT
futures-sink	0.3.34	MIT OR Apache-2.0
futures-task	0.3.34	MIT OR Apache-2.0
futures-util	0.3.34	MIT OR Apache-2.0
generic-array	0.14.7	MIT
getrandom	0.2.17	MIT OR Apache-2.0
getrandom	0.4.3	MIT OR Apache-2.0
hashbrown	0.17.1	MIT OR Apache-2.0
heck	0.5.0	MIT OR Apache-2.0
hermit-abi	0.5.3	MIT OR Apache-2.0
hex	0.4.3	MIT OR Apache-2.0
http	1.5.0	MIT OR Apache-2.0
http-body	1.1.0	MIT
http-body-util	0.1.5	MIT
httparse	1.10.1	MIT OR Apache-2.0
hyper	1.12.0	MIT
hyper-rustls	0.27.10	Apache-2.0 OR ISC OR MIT
hyper-util	0.1.21	MIT
icu_collections	2.3.0	Unicode-3.0
icu_locale_core	2.3.0	Unicode-3.0
icu_normalizer	2.3.0	Unicode-3.0
icu_normalizer_data	2.3.0	Unicode-3.0
icu_properties	2.3.0	Unicode-3.0
icu_properties_data	2.3.0	Unicode-3.0
icu_provider	2.3.1	Unicode-3.0
idna	1.1.0	MIT OR Apache-2.0
idna_adapter	1.2.2	Apache-2.0 OR MIT
indexmap	2.14.2	Apache-2.0 OR MIT
ipnet	2.12.2	MIT OR Apache-2.0
is_terminal_polyfill	1.70.2	MIT OR Apache-2.0
itoa	1.0.18	MIT OR Apache-2.0
jni	0.22.4	MIT OR Apache-2.0
jni-macros	0.22.4	MIT OR Apache-2.0
jni-sys	0.4.1	MIT OR Apache-2.0
jni-sys-macros	0.4.1	MIT OR Apache-2.0
jobserver	0.1.35	MIT OR Apache-2.0
js-sys	0.3.106	MIT OR Apache-2.0
libc	0.2.190	MIT OR Apache-2.0
linux-raw-sys	0.12.1	Apache-2.0 WITH LLVM-exception OR Apache-2.0 OR MIT
litemap	0.8.3	Unicode-3.0
log	0.4.34	MIT OR Apache-2.0
lru-slab	0.1.3	MIT OR Apache-2.0 OR Zlib
memchr	2.8.3	Unlicense OR MIT
memoffset	0.9.1	MIT
miniz_oxide	0.9.1	MIT OR Zlib OR Apache-2.0
mio	1.2.4	MIT
nix	0.31.3	MIT
objc2	0.6.5	MIT
objc2-encode	4.1.0	MIT
once_cell	1.21.4	MIT OR Apache-2.0
once_cell_polyfill	1.70.2	MIT OR Apache-2.0
openssl-probe	0.2.1	MIT OR Apache-2.0
ordered-stream	0.2.0	MIT OR Apache-2.0
parking	2.2.1	Apache-2.0 OR MIT
percent-encoding	2.3.2	MIT OR Apache-2.0
pin-project-lite	0.2.17	Apache-2.0 OR MIT
piper	0.2.5	MIT OR Apache-2.0
pkg-config	0.3.34	MIT OR Apache-2.0
polling	3.11.0	Apache-2.0 OR MIT
potential_utf	0.1.6	Unicode-3.0
proc-macro-crate	3.5.0	MIT OR Apache-2.0
proc-macro2	1.0.107	MIT OR Apache-2.0
quinn	0.11.12	MIT OR Apache-2.0
quinn-proto	0.11.19	MIT OR Apache-2.0
quinn-udp	0.5.16	MIT OR Apache-2.0
quote	1.0.47	MIT OR Apache-2.0
r-efi	6.0.0	MIT OR Apache-2.0 OR LGPL-2.1-or-later
rand	0.10.3	MIT OR Apache-2.0
rand_core	0.10.1	MIT OR Apache-2.0
rand_pcg	0.10.2	MIT OR Apache-2.0
regex	1.13.1	MIT OR Apache-2.0
regex-automata	0.4.18	MIT OR Apache-2.0
regex-syntax	0.8.11	MIT OR Apache-2.0
reqwest	0.13.5	MIT OR Apache-2.0
ring	0.17.14	Apache-2.0 AND ISC
rustc-hash	2.1.3	Apache-2.0 OR MIT
rustc_version	0.4.1	MIT OR Apache-2.0
rustix	1.1.5	Apache-2.0 WITH LLVM-exception OR Apache-2.0 OR MIT
rustls	0.23.45	Apache-2.0 OR ISC OR MIT
rustls-native-certs	0.8.4	Apache-2.0 OR ISC OR MIT
rustls-pki-types	1.15.1	MIT OR Apache-2.0
rustls-platform-verifier	0.7.1	MIT OR Apache-2.0
rustls-platform-verifier-android	0.2.0	MIT OR Apache-2.0
rustls-webpki	0.103.15	ISC
rustversion	1.0.23	MIT OR Apache-2.0
same-file	1.0.6	Unlicense/MIT
schannel	0.1.29	MIT
security-framework	3.7.0	MIT OR Apache-2.0
security-framework-sys	2.17.0	MIT OR Apache-2.0
semver	1.0.28	MIT OR Apache-2.0
serde	1.0.229	MIT OR Apache-2.0
serde_core	1.0.229	MIT OR Apache-2.0
serde_derive	1.0.229	MIT OR Apache-2.0
serde_json	1.0.151	MIT OR Apache-2.0
serde_repr	0.1.21	MIT OR Apache-2.0
sha2	0.10.9	MIT OR Apache-2.0
shlex	2.0.1	MIT OR Apache-2.0
signal-hook-registry	1.4.8	MIT OR Apache-2.0
simd-adler32	0.3.10	MIT
simd_cesu8	1.2.0	Apache-2.0 OR MIT
simdutf8	0.1.5	MIT OR Apache-2.0
slab	0.4.12	MIT
smallvec	1.16.2	MIT OR Apache-2.0
socket2	0.6.5	MIT OR Apache-2.0
stable_deref_trait	1.2.1	MIT OR Apache-2.0
strsim	0.11.1	MIT
subtle	2.6.1	BSD-3-Clause
syn	2.0.119	MIT OR Apache-2.0
syn	3.0.6	MIT OR Apache-2.0
sync_wrapper	1.0.2	Apache-2.0
synstructure	0.14.0	MIT
tar	0.4.46	MIT OR Apache-2.0
tempfile	3.27.0	MIT OR Apache-2.0
thiserror	2.0.21	MIT OR Apache-2.0
thiserror-impl	2.0.21	MIT OR Apache-2.0
tinystr	0.8.4	Unicode-3.0
tinyvec	1.13.3	Zlib OR Apache-2.0 OR MIT
tokio	1.53.2	MIT
tokio-rustls	0.26.6	MIT OR Apache-2.0
toml_datetime	1.1.1+spec-1.1.0	MIT OR Apache-2.0
toml_edit	0.25.15+spec-1.1.0	MIT OR Apache-2.0
toml_parser	1.1.3+spec-1.1.0	MIT OR Apache-2.0
tower	0.5.3	MIT
tower-http	0.6.11	MIT
tower-layer	0.3.3	MIT
tower-service	0.3.3	MIT
tracing	0.1.44	MIT
tracing-attributes	0.1.31	MIT
tracing-core	0.1.36	MIT
try-lock	0.2.5	MIT
typenum	1.20.1	MIT OR Apache-2.0
uds_windows	1.2.1	MIT
unicode-ident	1.0.26	(MIT OR Apache-2.0) AND Unicode-3.0
untrusted	0.9.0	ISC
url	2.5.8	MIT OR Apache-2.0
utf8_iter	1.0.4	Apache-2.0 OR MIT
utf8parse	0.2.2	Apache-2.0 OR MIT
uuid	1.27.0	Apache-2.0 OR MIT
version_check	0.9.5	MIT/Apache-2.0
walkdir	2.5.0	Unlicense/MIT
want	0.3.2	MIT
wasi	0.11.1+wasi-snapshot-preview1	Apache-2.0 WITH LLVM-exception OR Apache-2.0 OR MIT
wasm-bindgen	0.2.129	MIT OR Apache-2.0
wasm-bindgen-futures	0.4.79	MIT OR Apache-2.0
wasm-bindgen-macro	0.2.129	MIT OR Apache-2.0
wasm-bindgen-macro-support	0.2.129	MIT OR Apache-2.0
wasm-bindgen-shared	0.2.129	MIT OR Apache-2.0
web-sys	0.3.106	MIT OR Apache-2.0
web-time	1.1.0	MIT OR Apache-2.0
webpki-root-certs	1.0.9	CDLA-Permissive-2.0
winapi-util	0.1.11	Unlicense OR MIT
windows-link	0.2.1	MIT OR Apache-2.0
windows-sys	0.52.0	MIT OR Apache-2.0
windows-sys	0.61.2	MIT OR Apache-2.0
windows-targets	0.52.6	MIT OR Apache-2.0
windows_aarch64_gnullvm	0.52.6	MIT OR Apache-2.0
windows_aarch64_msvc	0.52.6	MIT OR Apache-2.0
windows_i686_gnu	0.52.6	MIT OR Apache-2.0
windows_i686_gnullvm	0.52.6	MIT OR Apache-2.0
windows_i686_msvc	0.52.6	MIT OR Apache-2.0
windows_x86_64_gnu	0.52.6	MIT OR Apache-2.0
windows_x86_64_gnullvm	0.52.6	MIT OR Apache-2.0
windows_x86_64_msvc	0.52.6	MIT OR Apache-2.0
winnow	1.0.4	MIT
writeable	0.6.4	Unicode-3.0
xattr	1.6.1	MIT OR Apache-2.0
yoke	0.8.3	Unicode-3.0
yoke-derive	0.8.4	Unicode-3.0
zbus	5.19.0	MIT
zbus_macros	5.19.0	MIT
zbus_names	4.3.4	MIT
zcheapstr	1.1.0	MIT
zerofrom	0.1.8	Unicode-3.0
zerofrom-derive	0.1.8	Unicode-3.0
zeroize	1.9.1	Apache-2.0 OR MIT
zerotrie	0.2.5	Unicode-3.0
zerovec	0.11.8	Unicode-3.0
zerovec-derive	0.11.6	Unicode-3.0
zip	6.0.0	MIT
zlib-rs	0.6.8	Zlib
zmij	1.0.23	MIT
zopfli	0.8.3	Apache-2.0
zvariant	5.15.0	MIT
zvariant_derive	5.15.0	MIT
zvariant_utils	4.2.0	MIT
